<?xml version="1.0" encoding="UTF-8"?>
<Dungeon name="Death" width="80" topHeight="2" gameHeight="34" bottomHeight="4">
    <Rooms>
        <Room room="1">
            <visible>1</visible>
            <posX>0</posX>
            <posY>0</posY>
            <width>6</width>
            <height>5</height>
            <Monster name="Troll" room="1" serial="1">
                <visible>1</visible>
                <posX>2</posX>
                <posY>2</posY>
                <type>T</type>
                <hp>70</hp>
                <maxhit>5</maxhit>
                <CreatureAction name="Remove" type ="death">
                </CreatureAction>
                <CreatureAction name="YouWin" type = "death">
                    <actionMessage>You have defeated the Troll!</actionMessage>
                    <actionIntValue>5</actionIntValue>
                </CreatureAction>
            </Monster>
            <Player name="Player" room="3" serial="8">
                <visible>1</visible>
                <posX>1</posX>
                <posY>1</posY>
                <hp>1</hp>
                <hpMoves>5</hpMoves>
                <maxhit>6</maxhit>
                <CreatureAction name="ChangeDisplayedType" type="death">
                    <actionCharValue>?</actionCharValue>
                </CreatureAction>
                <CreatureAction name="UpdateDisplay" type="death">
                </CreatureAction>
                <CreatureAction name="EndGame" type="death">
                    <actionMessage>Player is killed!</actionMessage>
                </CreatureAction>
            </Player>
            <Scroll name="Scroll" room="1" serial="1">
                <visible>1</visible>
                <posX>3</posX>
                <posY>3</posY>
                <ItemAction name="BlessArmor" type="item">
                    <actionMessage>You have picked up a scroll of weakened armor</actionMessage>
                    <actionIntValue>-5</actionIntValue>
                </ItemAction>
            </Scroll>
        </Room>
    </Rooms>
</Dungeon>
