<?xml version="1.0" encoding="UTF-8"?>
<Dungeon name="Death" width="80" topHeight="2" gameHeight="34" bottomHeight="4">
    <Rooms>
        <Room room="1">
            <visible>1</visible>
            <posX>0</posX>
            <posY>0</posY>
            <width>8</width>
            <height>8</height>
            <Player name="Player" room="1" serial="1">
                <visible>1</visible>
                <posX>1</posX>
                <posY>1</posY>
                <hp>100</hp>
                <maxhit>1</maxhit>
                <hpMoves>5</hpMoves>
                <CreatureAction name="DropPack" type="hit">
                    <actionMessage>You have dropped an item from your pack!</actionMessage>
                </CreatureAction>
            </Player>
            <Monster name="Troll" room="1" serial="1">
                <visible>1</visible>
                <posX>2</posX>
                <posY>2</posY>
                <type>T</type>
                <hp>1</hp>
                <maxhit>50</maxhit>
                <CreatureAction name="Remove" type ="death">
                </CreatureAction>
                <CreatureAction name="YouWin" type = "death">
                    <actionMessage>You have defeated the Troll!</actionMessage>
                    <actionIntValue>5</actionIntValue>
                </CreatureAction>
            </Monster>
            <Armor name="+10 Armor" room="1" serial="3">
                <visible>1</visible>
                <posX>3</posX>
                <posY>2</posY>
                <ItemIntValue>10</ItemIntValue>
            </Armor>
            <Armor name="+5 Armor" room="1" serial="3">
                <visible>1</visible>
                <posX>4</posX>
                <posY>2</posY>
                <ItemIntValue>10</ItemIntValue>
            </Armor>
            <Sword name="+5 Sword" room="1" serial="3">
                <visible>1</visible>
                <posX>5</posX>
                <posY>2</posY>
                <ItemIntValue>10</ItemIntValue>
            </Sword>
        </Room>
    </Rooms>
</Dungeon>
