<?xml version="1.0" encoding="UTF-8"?>
<Dungeon name="Death" width="80" topHeight="2" gameHeight="41" bottomHeight="4">
   <Rooms>
       <Room room="1">
           <posX>1</posX>
           <posY>2</posY>
           <width>12</width>
           <height>8</height>
           <Monster name="Troll" room="1" serial="1">
               <posX>3</posX>
               <posY>4</posY>
               <type>T</type>
               <hp>7</hp>
               <maxhit>10</maxhit>
           </Monster>
           <Monster name="Snake" room="1" serial="3">
               <posX>6</posX>
               <posY>7</posY>
               <type>S</type>
               <hp>2</hp>
               <maxhit>1</maxhit>
           </Monster>
            <Player name="Player" room="1" serial="5">
                <visible>1</visible>
                <posX>2</posX>
                <posY>2</posY>
                <hp>99</hp>
                <maxhit>1</maxhit>
                <hpMoves>5</hpMoves>
                <CreatureAction name="EndGame" type="death">
                    <actionMessage>Player is killed!</actionMessage>
                </CreatureAction>
            </Player>
       </Room>
       <Room room="2">
           <posX>20</posX>
           <posY>30</posY>
           <width>10</width>
           <height>12</height>
           <Monster name="Troll" room="2" serial="1">
               <posX>3</posX>
               <posY>4</posY>
               <type>T</type>
               <hp>7</hp>
               <maxhit>10</maxhit>
           </Monster>
           <Monster name="Snake" room="2" serial="3">
               <posX>6</posX>
               <posy>7</posy>
               <type>S</type>
               <hp>2</hp>
               <maxhit>1</maxhit>
           </Monster>
       </Room>
   </Rooms>
</Dungeon>
